idx,target_x,target_y,target_z,J1_rad,J2_rad,J3_rad,J4_rad,J5_rad,J6_rad
0,0.4005304810121945,0.10037582345748702,0.2720880217666041,0.6099062660815348,-0.28308856878502686,0.45033330589920106,-1.46147350551612,0.6129749768542729,1.472213993220699
1,0.4005279810121945,0.10037582345748702,0.2720880217666041,0.6099141785705464,-0.2830993107122062,0.4503415417508444,-1.4614698569175182,0.6129830057953009,1.4722111428247047
2,0.4005204810121945,0.10037582345748702,0.2720880217666041,0.6099379171127537,-0.28313153627224485,0.45036624857972507,-1.461458911003133,0.6130070937828661,1.4722025914705346
3,0.40050798101219454,0.10037582345748702,0.2720880217666041,0.6099774849339802,-0.28318524480053897,0.4504074242076812,-1.4614406674176836,0.6130472443107405,1.4721883386600836
4,0.40049048101219453,0.10037582345748702,0.2720880217666041,0.610032887411618,-0.2832604351890371,0.4504650650043983,-1.4614151255705972,0.6131034632029613,1.4721683835647383
5,0.4004679810121945,0.10037582345748702,0.2720880217666041,0.6101041320761571,-0.2833571058856821,0.450539165887341,-1.4613822846383375,0.6131757586154551,1.4721427250277002
6,0.40044048101219454,0.10037582345748702,0.2720880217666041,0.6101912286133274,-0.28347525489362013,0.4506297203216576,-1.4613421435676783,0.613264141038317,1.4721113615672554
7,0.4004079810121945,0.10037582345748702,0.2720880217666041,0.6102941888668557,-0.28361487977018696,0.45073672032005896,-1.4612947010799047,0.6133686232987355,1.4720742913809715
8,0.4003704810121945,0.10037582345748702,0.2720880217666041,0.6104130268418344,-0.2837759776256643,0.45086015644266486,-1.4612399556759474,0.6134892205645753,1.4720315123508254
9,0.4003279810121945,0.10037582345748702,0.2720880217666041,0.6105477587087088,-0.2839585451218096,0.4510000177968284,-1.4611779056424528,0.6136259503486087,1.471983022049266
10,0.40028048101219454,0.10037582345748702,0.2720880217666041,0.6106984028078802,-0.28416257847015336,0.4511562920369252,-1.4611085490587774,0.6137788325134016,1.4719288177462029
11,0.40022798101219453,0.10037582345748702,0.2720880217666041,0.6108649796549291,-0.284388073430065,0.45132896536411937,-1.4610318838049254,0.6139478892768562,1.471868896416935
12,0.4001704810121945,0.10037582345748702,0.2720880217666041,0.6110475119464586,-0.28463502530658724,0.4515180225260943,-1.4609479075704006,0.614133145218407,1.4718032547509963
13,0.4001079810121945,0.10037582345748702,0.2720880217666041,0.611246024566562,-0.2849034289480272,0.4517234468167566,-1.4608566178640028,0.6143346272858775,1.4717318891619457
14,0.4000404810121945,0.10037582345748702,0.2720880217666041,0.6114605445939167,-0.28519327874332,0.45194522007590754,-1.4607580120245376,0.614552364802994,1.4716547957980701
15,0.3999679810121945,0.10037582345748702,0.2720880217666041,0.6116911013095061,-0.28550456861913887,0.45218332268888317,-1.4606520872324673,0.6147863894775607,1.4715719705540315
16,0.39989048101219454,0.10037582345748702,0.2720880217666041,0.6119377262049726,-0.28583729203677155,0.4524377335861596,-1.4605388405224715,0.6150367354102968,1.4714834090834235
17,0.3998079810121945,0.10037582345748702,0.2720880217666041,0.6122004529916075,-0.2861914419887426,0.45270843024292806,-1.4604182687969463,0.6153034391043404,1.4713891068122709
18,0.39972048101219454,0.10037582345748702,0.2720880217666041,0.6124793176099768,-0.2865670109951881,0.45299538867863187,-1.460290368840413,0.6155865394754153,1.4712890589534406
19,0.39962798101219454,0.10037582345748702,0.2720880217666041,0.6127743582401912,-0.28696399109997683,0.45329858345647,-1.460155137334856,0.6158860778626722,1.471183260521984
20,0.3995304810121945,0.10037582345748702,0.2720880217666041,0.6130856153128206,-0.28738237386657106,0.45361798768286243,-1.4600125708759737,0.616202098040196,1.471071706351396
21,0.3994279810121945,0.10037582345748702,0.2720880217666041,0.6134131315204584,-0.2878221503736267,0.453953573006878,-1.4598626659903486,0.6165346462291892,1.4709543911108023
22,0.39932048101219453,0.10037582345748702,0.2720880217666041,0.6137569518299427,-0.2882833112103276,0.45430530961962323,-1.4597054191535297,0.6168837711108336,1.4708313093230576
23,0.3992079810121945,0.10037582345748702,0.2720880217666041,0.614117123495234,-0.28876584647144776,0.4546731662535909,-1.4595408268090289,0.6172495238398283,1.4707024553837693
24,0.3990904810121945,0.10037582345748702,0.2720880217666041,0.614493696070958,-0.2892697457521378,0.4550571101819657,-1.4593688853882252,0.6176319580586112,1.4705678235812334
25,0.3989679810121945,0.10037582345748702,0.2720880217666041,0.6148867214266192,-0.2897949981424337,0.4554571072178878,-1.4591895913311734,0.6180311299122667,1.4704274081172823
26,0.3988404810121945,0.10037582345748702,0.2720880217666041,0.6152962537614853,-0.2903415922214716,0.4558731217136702,-1.459002941108325,0.6184470980641211,1.4702812031290553
27,0.3987079810121945,0.10037582345748702,0.2720880217666041,0.6157223496201565,-0.29090951605142124,0.45630511655997275,-1.4588089312431383,0.6188799237120294,1.4701292027116675
28,0.3985704810121945,0.10037582345748702,0.2720880217666041,0.6161650679088174,-0.2914987571711145,0.4567530531849243,-1.458607558335595,0.6193296706053579,1.469971400941794
29,0.3984279810121945,0.10037582345748702,0.2720880217666041,0.6166244699121827,-0.2921093025893704,0.4572168915531989,-1.4583988190866115,0.6197964050626656,1.469807791902163
30,0.39828048101219454,0.10037582345748702,0.2720880217666041,0.6171006193111407,-0.2927411387780161,0.45769659016503916,-1.4581827103233327,0.6202801959900867,1.4696383697069442
31,0.3981279810121945,0.10037582345748702,0.2720880217666041,0.6175935822011035,-0.2933942516645831,0.4581921060552273,-1.457959229025324,0.6207811149004208,1.4694631285280484
32,0.3979704810121945,0.10037582345748702,0.2720880217666041,0.6181034271110666,-0.29406862662468525,0.4587033947920002,-1.4577283723516392,0.621299235932932,1.4692820626223184
33,0.3978079810121945,0.10037582345748702,0.2720880217666041,0.6186302250233905,-0.294764248474066,0.45923041047591073,-1.4574901376687697,0.6218346358738637,1.46909516635962
34,0.3976404810121945,0.10037582345748702,0.2720880217666041,0.6191740493943063,-0.29548110146030204,0.45977310573862784,-1.4572445225794715,0.6223873941776661,1.4689024342518284
35,0.3974679810121945,0.10037582345748702,0.2720880217666041,0.6197349761751569,-0.29621916925416913,0.4603314317416779,-1.456991524952456,0.6229575929889539,1.4687038609826966
36,0.3972904810121945,0.10037582345748702,0.2720880217666041,0.6203130838343791,-0.2969784349406446,0.46090533817512314,-1.4567311429529555,0.6235453171651835,1.4684994414386225
37,0.3971079810121945,0.10037582345748702,0.2720880217666041,0.6209084533802357,-0.29775888100955594,0.4614947732561756,-1.456463375074139,0.6241506543000626,1.468289170740289
38,0.3969204810121945,0.10037582345748702,0.2720880217666041,0.621521168384306,-0.29856048934585244,0.46209968372774524,-1.4561882201693905,0.6247736947476973,1.4680730442751904
39,0.39672798101219453,0.10037582345748702,0.2720880217666041,0.6221513150057425,-0.2993832412194992,0.46272001485691927,-1.4559056774854364,0.6254145316474752,1.4678510577310342
40,0.3965304810121945,0.10037582345748702,0.2720880217666041,0.6227989820163035,-0.3002271172749822,0.4633557104333704,-1.4556157466963109,0.6260732609496961,1.4676232071300153
41,0.3963279810121945,0.10037582345748702,0.2720880217666041,0.6234642608261689,-0.3010920975204119,0.46400671276769145,-1.4553184279381655,0.626749981441946,1.4673894888639567
42,0.3961204810121945,0.10037582345748702,0.2720880217666041,0.6241472455105516,-0.3019781613162231,0.4646729626896575,-1.455013721844906,0.6274447947762326,1.4671498997303183
43,0.3959079810121945,0.10037582345748702,0.2720880217666041,0.6248480328371094,-0.3028852873634498,0.4653543995464071,-1.4547016295846558,0.6281578054968685,1.4669044369690634
44,0.3956904810121945,0.10037582345748702,0.2720880217666041,0.6255667222941722,-0.3038134536915762,0.46605096120054623,-1.4543821528970327,0.628889121069128,1.466653098300378
45,0.3954679810121945,0.10037582345748702,0.2720880217666041,0.6263034161197898,-0.30476263764594425,0.4667625840281697,-1.4540552941312406,0.6296388519086631,1.4663958819632459
46,0.3952404810121945,0.10037582345748702,0.2720880217666041,0.6270582193316132,-0.30573281587471035,0.4674892029167962,-1.453721056284959,0.6304071114116959,1.466132786754863
47,0.39500798101219453,0.10037582345748702,0.2720880217666041,0.6278312397576195,-0.3067239643153399,0.46823075126321934,-1.4533794430440288,0.631194015985988,1.4658638120708962
48,0.39477048101219453,0.10037582345748702,0.2720880217666041,0.6286225880676891,-0.30773605818062766,0.4689871609712677,-1.4530304588229204,0.6319996850825906,1.465588957946571
49,0.3945279810121945,0.10037582345748702,0.2720880217666041,0.6294323778060493,-0.3087690719442291,0.46975836244947244,-1.4526741088059807,0.6328242412283853,1.4653082250985916
50,0.3942804810121945,0.10037582345748702,0.2720880217666041,0.6302607254245908,-0.30982297932569214,0.4705442846086424,-1.4523103989894477,0.6336678100594104,1.465021614967885
51,0.3940279810121945,0.10037582345748702,0.2720880217666041,0.6311077503170727,-0.3108977532749808,0.4713448548593411,-1.4519393362242168,0.634530520354991,1.4647291297631508
52,0.39377048101219453,0.10037582345748702,0.2720880217666041,0.6319735748542251,-0.3119933659564684,0.472159999109265,-1.451560928259359,0.6354125040726676,1.46443077250523
53,0.39350798101219453,0.10037582345748702,0.2720880217666041,0.6328583244197606,-0.3131097887323917,0.4729896417605196,-1.4511751837863738,0.6363138963839303,1.464126547072273
54,0.3932404810121945,0.10037582345748702,0.2720880217666041,0.6337621274473073,-0.3142469921457547,0.4738337057067914,-1.4507821124841653,0.6372348357107672,1.4638164582456992
55,0.3929679810121945,0.10037582345748702,0.2720880217666041,0.6346851154582742,-0.315404945902662,0.4746921123304123,-1.4503817250647315,0.6381754637630238,1.463500511756943
56,0.3926904810121945,0.10037582345748702,0.2720880217666041,0.6356274231006638,-0.3165836188540685,0.47556478149931514,-1.4499740333195572,0.6391359255765919,1.4631787143349875
57,0.3924079810121945,0.10037582345748702,0.2720880217666041,0.6365891881888399,-0.31778297897693575,0.47645163156387604,-1.4495590501666877,0.6401163695524138,1.4628510737546534
58,0.3921204810121945,0.10037582345748702,0.2720880217666041,0.6375705517442662,-0.31900299335476845,0.4773525793536434,-1.449136789698485,0.6411169474963238,1.462517598885665
59,0.3918279810121945,0.10037582345748702,0.2720880217666041,0.6385716580372275,-0.3202436281575256,0.4782675401739479,-1.44870726723004,0.6421378146597195,1.4621782997424597
60,0.3915304810121945,0.10037582345748702,0.2720880217666041,0.6395926546295447,-0.32150484862088335,0.47919642780239313,-1.4482704993482298,0.6431791297810759,1.4618331875347437
61,0.3912279810121945,0.10037582345748702,0.2720880217666041,0.6406336924182989,-0.32278661902483696,0.4801391544852238,-1.4478265039614058,0.644241055128296,1.4614822747187792
62,0.3909204810121945,0.10037582345748702,0.2720880217666041,0.6416949256805746,-0.32408890267161894,0.48109563093356844,-1.447375300349698,0.6453237565419154,1.4611255750493994
63,0.3906079810121945,0.10037582345748702,0.2720880217666041,0.6427765121192369,-0.3254116618629217,0.48206576631955356,-1.4469169092159155,0.6464274034791517,1.4607631036327295
64,0.3902904810121945,0.10037582345748702,0.2720880217666041,0.6438786129097558,-0.3267548578764017,0.48304946827228845,-1.4464513527370269,0.6475521690588095,1.4603948769796151
65,0.3899679810121945,0.10037582345748702,0.2720880217666041,0.6450013927480879,-0.32811845094145164,0.4840466428737161,-1.445978654616202,0.6486982301070457,1.4600209130597346
66,0.3896404810121945,0.10037582345748702,0.2720880217666041,0.6461450198996325,-0.3295024002142104,0.48505719465432817,-1.445498840135403,0.6498657672039906,1.459641231356398
67,0.3893079810121945,0.10037582345748702,0.2720880217666041,0.6473096662492726,-0.33090666375181055,0.48608102658874275,-1.4450119362084883,0.651054964731238,1.459255852921998
68,0.3889704810121945,0.10037582345748702,0.2720880217666041,0.648495507352513,-0.3323311984858215,0.48711804009114024,-1.4445179714348282,0.6522660109201952,1.4588648004341247
69,0.3886279810121945,0.10037582345748702,0.2720880217666041,0.6497027224877325,-0.33377596019488065,0.48816813501055645,-1.4440169761534003,0.6534990979013104,1.4584680982523153
70,0.3882804810121945,0.10037582345748702,0.2720880217666041,0.6509314947095578,-0.3352409034764916,0.48923120962602884,-1.4435089824973393,0.6547544217541613,1.4580657724754242
71,0.3879279810121945,0.10037582345748702,0.2720880217666041,0.6521820109033761,-0.3367259817179611,0.4903071606415964,-1.442994024448928,0.6560321825584232,1.4576578509996079
72,0.3875704810121945,0.10037582345748702,0.2720880217666041,0.6534544618409981,-0.33823114706645585,0.4913958831811467,-1.4424721378949994,0.6573325844457062,1.4572443635769043
73,0.3872079810121945,0.10037582345748702,0.2720880217666041,0.6547490422374818,-0.33975635039816066,0.49249727078311045,-1.441943360682719,0.6586558356522708,1.4568253418743855
74,0.3868404810121945,0.10037582345748702,0.2720880217666041,0.6560659508091324,-0.34130154128650503,0.4936112153950005,-1.4414077326757366,0.6600021485726156,1.4564008195338798
75,0.3864679810121945,0.10037582345748702,0.2720880217666041,0.6574053903326892,-0.34286666796944587,0.4947376073677928,-1.4408652958106611,0.6613717398139396,1.4559708322322336
76,0.3860904810121945,0.10037582345748702,0.2720880217666041,0.6587675677057105,-0.34445167731577175,0.49587633545014664,-1.4403160941538466,0.662764830251483,1.4555354177421047
77,0.3857079810121945,0.10037582345748702,0.2720880217666041,0.66015269400817,-0.34605651479041155,0.4970272867824638,-1.4397601739584482,0.6641816450847359,1.455094615993263
78,0.3853204810121945,0.10037582345748702,0.2720880217666041,0.6615609845652735,-0.3476811244187159,0.4981903468907799,-1.439197583721724,0.6656224138945207,1.4546484691343822
79,0.3849279810121945,0.10037582345748702,0.2720880217666041,0.6629926590115098,-0.3493254487496924,0.4993653996804923,-1.4386283742425452,0.6670873707009456,1.4541970215952995
80,0.3845304810121945,0.10037582345748702,0.2720880217666041,0.6644479413559424,-0.35098942881816075,0.5005523274299165,-1.4380525986790864,0.6685767540222213,1.4537403201497299
81,0.3841279810121945,0.10037582345748702,0.2720880217666041,0.6659270600487558,-0.3526730041058035,0.5017510107836723,-1.4374703126066606,0.6700908069343404,1.453278413978409
82,0.38372048101219447,0.10037582345748702,0.2720880217666041,0.6674302480490623,-0.35437611250108914,0.5029613287458966,-1.4368815740756549,0.6716297771316162,1.4528113547326371
83,0.3833079810121945,0.10037582345748702,0.2720880217666041,0.6689577428939802,-0.35609869025802965,0.5041831586732815,-1.4362864436695426,0.6731939169880705,1.4523391965982169
84,0.3828904810121945,0.10037582345748702,0.2720880217666041,0.6705097867689912,-0.3578406719537557,0.5054163762679353,-1.4356849845629192,0.6747834836196729,1.4518619963597434
85,0.3824679810121945,0.10037582345748702,0.2720880217666041,0.6720866265795817,-0.3596019904448644,0.5066608555700645,-1.4350772625795343,0.6763987389474105,1.45137981346524
86,0.3820404810121945,0.10037582345748702,0.2720880217666041,0.6736885140241786,-0.36138257682252917,0.507916468950476,-1.4344633462502632,0.6780399497611957,1.450892710091094
87,0.3816079810121945,0.10037582345748702,0.2720880217666041,0.6753157056683823,-0.36318236036631957,0.5091830871028972,-1.4338433068709897,0.6797073877845901,1.4504007512072918
88,0.3811704810121945,0.10037582345748702,0.2720880217666041,0.6769684630205006,-0.3650012684967172,0.5104605790361119,-1.4332172185603427,0.6814013297403403,1.4499040046429037
89,0.3807279810121945,0.10037582345748702,0.2720880217666041,0.6786470526083893,-0.36683922672628544,0.5117488120659118,-1.4325851583172435,0.6831220574167118,1.449402541151802
90,0.38028048101219447,0.10037582345748702,0.2720880217666041,0.6803517460576023,-0.36869615860946414,0.5130476518068625,-1.4319472060782172,0.6848698577346078,1.448896434478585
91,0.3798279810121945,0.10037582345748702,0.2720880217666041,0.6820828201708462,-0.37057198569095684,0.5143569621638799,-1.4313034447744108,0.6866450228154588,1.4483857614246693
92,0.3793704810121945,0.10037582345748702,0.2720880217666041,0.6838405570087481,-0.3724666274526709,0.5156766053236204,-1.4306539603882764,0.6884478500498676,1.4478706019145307
93,0.3789079810121945,0.10037582345748702,0.2720880217666041,0.6856252439719263,-0.37438000125918514,0.5170064417456787,-1.4299988420098477,0.6902786421669879,1.4473510390620508
94,0.37844048101219446,0.10037582345748702,0.2720880217666041,0.6874371738843645,-0.37631202230170047,0.5183463301535971,-1.4293381818925726,0.6921377073046254,1.4468271592369466
95,0.3779679810121945,0.10037582345748702,0.2720880217666041,0.689276645078085,-0.37826260354044505,0.5196961275256833,-1.4286720755086249,0.6940253590800303,1.446299052131244
96,0.3774904810121945,0.10037582345748702,0.2720880217666041,0.6911439614791093,-0.38023165564549055,0.5210556890856342,-1.4280006216036485,0.6959419166613654,1.4457668108257655
97,0.37700798101219446,0.10037582345748702,0.2720880217666041,0.6930394326947025,-0.3822190869359523,0.5224248682929694,-1.4273239222508571,0.6978877048398211,1.4452305318565855
98,0.3765204810121945,0.10037582345748702,0.2720880217666041,0.6949633741018827,-0.38422480331751974,0.5238035168332695,-1.426642082904439,0.6998630541023506,1.4446903152814379
99,0.3760279810121945,0.10037582345748702,0.2720880217666041,0.6969161069371915,-0.3862487082183006,0.5251914846082241,-1.4259552124521815,0.7018683007049972,1.444146264746012
100,0.3755304810121945,0.10037582345748702,0.2720880217666041,0.6988979583876976,-0.388290702522915,0.5265886197254821,-1.425263423267261,0.7039037867467768,1.443598487550122
101,0.3750279810121945,0.10037582345748702,0.2720880217666041,0.7009092616832246,-0.3903506845048246,0.5279947684883134,-1.4245668312591093,0.7059698602440886,1.443047094713692
102,0.3745204810121945,0.10037582345748702,0.2720880217666041,0.7029503561897736,-0.3924285497568323,0.5294097753850732,-1.4238655559232998,0.7080668752056068,1.4424922010425323
103,0.37400798101219446,0.10037582345748702,0.2720880217666041,0.7050215875041208,-0.39452419111973747,0.530833483078477,-1.4231597203903483,0.710195191707625,1.4419339251938432
104,0.3734904810121945,0.10037582345748702,0.2720880217666041,0.7071233075495562,-0.3966374986090768,0.5322657323946799,-1.4224494514733803,0.7123551759697924,1.4413723897414334
105,0.37296798101219447,0.10037582345748702,0.2720880217666041,0.7092558746727385,-0.3987683593399405,0.533706362312169,-1.4217348797145435,0.7145472004312158,1.4408077212405719
106,0.37244048101219446,0.10037582345748702,0.2720880217666041,0.7114196537416211,-0.4009166574497889,0.5351552099504591,-1.4210161394301135,0.7167716438268579,1.4402400502924648
107,0.37190798101219447,0.10037582345748702,0.2720880217666041,0.7136150162444177,-0.40308227401925434,0.5366121105586036,-1.4202933687541748,0.7190288912641902,1.4396695116082803
108,0.3713704810121945,0.10037582345748702,0.2720880217666041,0.715842340389559,-0.40526508699086605,0.5380768975035157,-1.4195667096808013,0.7213193343000371,1.4390962440726962
109,0.3708279810121945,0.10037582345748702,0.2720880217666041,0.7181020112065912,-0.4074649710856675,0.5395494022581028,-1.418836308104627,0.723643371017549,1.4385203908069015
110,0.37028048101219446,0.10037582345748702,0.2720880217666041,0.7203944206479643,-0.40968179771766833,0.5410294543892137,-1.4181023138597166,0.7260014061032383,1.4379420992310195
111,0.36972798101219445,0.10037582345748702,0.2720880217666041,0.7227199676916497,-0.4119154349060987,0.5425168815454062,-1.4173648807566273,0.7283938509240073,1.4373615211258888
112,0.36917048101219446,0.10037582345748702,0.2720880217666041,0.725079058444523,-0.4141657471854159,0.5440115094445311,-1.416624166617552,0.7308211236040908,1.4367788126941525
113,0.3686079810121945,0.10037582345748702,0.2720880217666041,0.7274721062464423,-0.41643259551301437,0.5455131618611383,-1.4158803333094403,0.7332836491018327,1.436194134620606
114,0.36804048101219444,0.10037582345748702,0.2720880217666041,0.7298995317749424,-0.4187158371746009,0.5470216606137067,-1.4151335467749753,0.7357818592862054,1.4356076521317402
115,0.36746798101219447,0.10037582345748702,0.2720880217666041,0.7323617631504618,-0.4210153256871805,0.5485368255516996,-1.4143839770612925,0.7383161930129825,1.4350195350544313
116,0.36689048101219446,0.10037582345748702,0.2720880217666041,0.7348592360420164,-0.42333091069961926,0.5500584745424529,-1.4136317983463127,0.7408870962004679,1.4344299578737099
117,0.3663079810121945,0.10037582345748702,0.2720880217666041,0.7373923937732139,-0.42566243789072145,0.5515864234578931,-1.4128771889625693,0.7434950219046648,1.4338390997895643
118,0.36572048101219445,0.10037582345748702,0.2720880217666041,0.7399616874285072,-0.4280097488647914,0.5531204861610945,-1.4121203314183932,0.7461404303937816,1.433247144772703
119,0.36512798101219446,0.10037582345748702,0.2720880217666041,0.742567575959572,-0.4303726810446227,0.5546604744926756,-1.4113614124163198,0.7488237892219504,1.4326542816192225
120,0.3645304810121945,0.10037582345748702,0.2720880217666041,0.7452105262916822,-0.4327510675618713,0.5562061982570414,-1.4106006228685843,0.7515455733020273,1.4320607040041184
121,0.3639279810121945,0.10037582345748702,0.2720880217666041,0.7478910134299518,-0.43514473714477564,0.5577574652084754,-1.409838157909548,0.7543062649773412,1.4314666105335674
122,0.36332048101219444,0.10037582345748702,0.2720880217666041,0.7506095205652977,-0.43755351400315945,0.5593140810370838,-1.409074216904924,0.757106354092242,1.4308722047959295
123,0.3627079810121945,0.10037582345748702,0.2720880217666041,0.7533665391799711,-0.439977217710692,0.5608758493546018,-1.4083090034576315,0.7599463380612982,1.4302776954113867
124,0.36209048101219443,0.10037582345748702,0.2720880217666041,0.7561625691524916,-0.4424156630843501,0.5624425716800632,-1.4075427254101285,0.7628267219369735,1.4296832960801635
125,0.36146798101219446,0.10037582345748702,0.2720880217666041,0.7589981188618028,-0.44486866006103787,0.5640140474253396,-1.4067755948430543,0.7657480184756114,1.429089225629253
126,0.36084048101219446,0.10037582345748702,0.2720880217666041,0.7618737052904666,-0.44733601357132935,0.5655900738805592,-1.4060078280700152,0.7687107482015404,1.4284957080575786
127,0.3602079810121945,0.10037582345748702,0.2720880217666041,0.7647898541266843,-0.44981752341027725,0.5671704461994047,-1.4052396456283371,0.7717154394691044,1.4279029725795296
128,0.35957048101219447,0.10037582345748702,0.2720880217666041,0.7677470998649337,-0.45231298410526355,0.568754957384305,-1.4044712722656003,0.7747626285224042,1.4273112536667782
129,0.3589279810121945,0.10037582345748702,0.2720880217666041,0.7707459859049848,-0.45482218478083736,0.5703433982715209,-1.4037029369217757,0.7778528595525335,1.4267207910883262
130,0.35828048101219445,0.10037582345748702,0.2720880217666041,0.7737870646490504,-0.45734490902050773,0.5719355575161373,-1.402934872706769,0.7809866847520712,1.4261318299486936
131,0.35762798101219445,0.10037582345748702,0.2720880217666041,0.7768708975968037,-0.4598809347254562,0.5735312215769666,-1.4021673168731659,0.7841646643665785,1.4255446207241735
132,0.3569704810121944,0.10037582345748702,0.2720880217666041,0.7799980554379828,-0.46243003397012616,0.5751301747013744,-1.401400510783991,0.7873873667428415,1.4249594192970843
133,0.35630798101219446,0.10037582345748702,0.2720880217666041,0.7831691181422813,-0.46499197285466165,0.5767321989100327,-1.4006346998752501,0.7906553683735693,1.4243764869879325
134,0.3556404810121945,0.10037582345748702,0.2720880217666041,0.7863846750462079,-0.46756651135416183,0.5783370739816147,-1.3998701336130532,0.7939692539382659,1.423796090585415
135,0.35496798101219446,0.10037582345748702,0.2720880217666041,0.7896453249365715,-0.47015340316472276,0.5799445774374344,-1.3991070654450832,0.7973296163399446,1.4232185023741712
136,0.35429048101219446,0.10037582345748702,0.2720880217666041,0.7929516761302349,-0.4727523955462325,0.5815544845260469,-1.3983457527461953,0.8007370567373645,1.422644000160223
137,0.35360798101219443,0.10037582345748702,0.2720880217666041,0.7963043465497543,-0.47536322916191054,0.5831665682078163,-1.3975864567578888,0.8041921845724341,1.422072867293998
138,0.3529204810121944,0.10037582345748702,0.2720880217666041,0.7997039637944964,-0.4779856379145575,0.5847805991394637,-1.3968294425214245,0.8076956175924119,1.4215053926908718
139,0.35222798101219444,0.10037582345748702,0.2720880217666041,0.8031511652068039,-0.48061934877950074,0.5863963456586048,-1.39607497880433,0.8112479818665062,1.4209418708491444
140,0.3515304810121944,0.10037582345748702,0.2720880217666041,0.8066465979327556,-0.48326408163422885,0.5880135737682919,-1.395323338020032,0.8148499117964698,1.420382601865359
141,0.3508279810121944,0.10037582345748702,0.2720880217666041,0.8101909189770343,-0.4859195490846968,0.5896320471215687,-1.3945747961403536,0.8185020501207413,1.419827891446892
142,0.35012215515521494,0.10037582345748702,0.2720880217666041,0.8137762621927499,-0.48857915812188013,0.5912477073296022,-1.3938313854775484,0.8221962560273486,1.4192793414526839
143,0.3494204415928418,0.10037582345748702,0.2720880217666041,0.8173649584878041,-0.4912147764178876,0.5928435287882601,-1.3931010204708103,0.8258936842799851,1.4187428434845055
144,0.34872372803046875,0.10037582345748702,0.2720880217666041,0.8209521489673552,-0.49382311654160116,0.5944176783974601,-1.3923845470186773,0.8295893005886478,1.4182190267104513
145,0.3480320144680956,0.10037582345748702,0.2720880217666041,0.8245374653885562,-0.49640424390131166,0.5959703607250492,-1.391681865964668,0.8332826987007094,1.417707819860975
146,0.3473453009057226,0.10037582345748702,0.2720880217666041,0.8281205363600782,-0.4989582264497119,0.5975017793977206,-1.3909928737500261,0.8369734700357113,1.41720914686294
147,0.34666358734334946,0.10037582345748702,0.2720880217666041,0.831700987437929,-0.5014851346784153,0.5990121370953203,-1.390317462594049,0.8406612037981882,1.416722926997552
148,0.34598687378097637,0.10037582345748702,0.2720880217666041,0.8352784412236172,-0.503985041610655,0.6005016355448267,-1.3896555206723535,0.8443454870915493,1.4162490750563614
149,0.34531516021860326,0.10037582345748702,0.2720880217666041,0.8388525174646073,-0.5064580227921995,0.6019704755140284,-1.389006932293006,0.8480259050329833,1.4157875014952868
150,0.3446484466562302,0.10037582345748702,0.2720880217666041,0.8424228331569835,-0.5089041562804821,0.6034188568049059,-1.388371578070477,0.851702040869308,1.4153381125866464
151,0.3439867330938571,0.10037582345748702,0.2720880217666041,0.8459890026502529,-0.5113235226319528,0.6048469782467383,-1.3877493350973755,0.855373476093717,1.4149008105691854
152,0.343330019531484,0.10037582345748702,0.2720880217666041,0.8495506377542058,-0.5137162048876767,0.6062550376889445,-1.3871400771139044,0.8590397905633494,1.4144754937960575
153,0.34267830596911086,0.10037582345748702,0.2720880217666041,0.8531073478477554,-0.5160822885571847,0.6076432319936771,-1.3865436746749997,0.8627005626176305,1.4140620568807634
154,0.3420315924067378,0.10037582345748702,0.2720880217666041,0.8566587399896648,-0.5184218616005927,0.609011757028177,-1.3859599953151112,0.8663553691973007,1.4136603908410181
155,0.34138987884436467,0.10037582345748702,0.2720880217666041,0.8602044190310849,-0.5207350144090133,0.6103608076569086,-1.38538890371057,0.8700037859640801,1.4132703832405298
156,0.3407531652819916,0.10037582345748702,0.2720880217666041,0.8637439877297993,-0.5230218397832651,0.6116905777334819,-1.3848302618395214,0.8736453874208867,1.4128919183286919
157,0.3401214517196185,0.10037582345748702,0.2720880217666041,0.8672770468660969,-0.525282432910914,0.6130012600923791,-1.3842839291393643,0.8772797470325476,1.4125248771781542
158,0.3394947381572454,0.10037582345748702,0.2720880217666041,0.8708031953601625,-0.5275168913416541,0.614293046540496,-1.3837497626616753,0.8809064373469141,1.4121691378202825
159,0.33887302459487234,0.10037582345748702,0.2720880217666041,0.874322030390902,-0.5297253149610563,0.6155661278485088,-1.3832276172245739,0.8845250301163287,1.411824575378489
160,0.3382563110324992,0.10037582345748702,0.2720880217666041,0.8778331475160909,-0.5319078059627089,0.6168206937420826,-1.3827173455624966,0.8881350964193468,1.4114910621994228
161,0.3376445974701261,0.10037582345748702,0.2720880217666041,0.8813361407937481,-0.5340644688187672,0.6180569328929258,-1.3822187984733494,0.8917362067826482,1.4111684679820222
162,0.337037883907753,0.10037582345748702,0.2720880217666041,0.8848306029046343,-0.5361954102489448,0.6192750329097104,-1.381731824963008,0.8953279313030602,1.410856659904421
163,0.3364361703453799,0.10037582345748702,0.2720880217666041,0.8883161252757652,-0.5383007391879686,0.6204751803288607,-1.3812562723871358,0.8989098397696084,1.4105555027487053
164,0.33583945678300686,0.10037582345748702,0.2720880217666041,0.8917922982048326,-0.5403805667515282,0.6216575606052268,-1.3807919865902947,0.9024815017855183,1.4102648590235156
165,0.3352477432206338,0.10037582345748702,0.2720880217666041,0.8952587109854301,-0.542435006200741,0.6228223581026504,-1.3803388120423263,0.906042486890089,1.4099845890845057
166,0.3346610296582606,0.10037582345748702,0.2720880217666041,0.8987149520329679,-0.5444641729051751,0.6239697560844341,-1.3798965919719721,0.9095923646803541,1.4097145512526426
167,0.33407931609588754,0.10037582345748702,0.2720880217666041,0.9021606090111697,-0.546468184304445,0.6250999367037218,-1.3794651684977257,0.9131307049324496,1.4094546019303658
168,0.3335026025335145,0.10037582345748702,0.2720880217666041,0.9055952689590434,-0.5484471598684264,0.6262130809938045,-1.3790443827558836,0.9166570777226115,1.409204595715599
169,0.33293088897114137,0.10037582345748702,0.2720880217666041,0.9090185184182094,-0.5504012210561151,0.6273093688583545,-1.3786340750257857,0.9201710535477163,1.408964385513621
170,0.3323641754087683,0.10037582345748702,0.2720880217666041,0.9124299435604745,-0.5523304912731573,0.6283889790616014,-1.3782340848522325,0.9236722034452773,1.4087338226468098
171,0.33180246184639517,0.10037582345748702,0.2720880217666041,0.9158291303155471,-0.5542350958281044,0.6294520892184563,-1.3778442511650544,0.9271600991128314,1.408512756962252
172,0.3312457482840221,0.10037582345748702,0.2720880217666041,0.9192156644987735,-0.5561151618874058,0.6304988757845952,-1.377464412395836,0.9306343130266155,1.4083010369372415
173,0.330694034721649,0.10037582345748702,0.2720880217666041,0.9225891319387882,-0.5579708184291898,0.6315295140465055,-1.3770944065917758,0.9340944185594645,1.4080985097826697
174,0.3301473211592759,0.10037582345748702,0.2720880217666041,0.9259491186049665,-0.559802196195867,0.6325441781115078,-1.3767340715266752,0.9375399900978453,1.4079050215443105
175,0.32960560759690277,0.10037582345748702,0.2720880217666041,0.9292952107345702,-0.5616094276455876,0.6335430408977581,-1.3763832448090576,0.9409706031579452,1.4077204172020328
176,0.3290688940345297,0.10037582345748702,0.2720880217666041,0.9326269949594728,-0.5633926469025972,0.6345262741242381,-1.376041763987407,0.944385834500738,1.4075445407669285
177,0.32853718047215663,0.10037582345748702,0.2720880217666041,0.9359440584323647,-0.5651519897065289,0.635494048300742,-1.3757094666525258,0.9477852622459527,1.4073772353763876
178,0.3280104669097835,0.10037582345748702,0.2720880217666041,0.9392459889523211,-0.5668875933606676,0.6364465327178644,-1.3753861905370166,0.9511684659848576,1.4072183433871268
179,0.3274887533474104,0.10037582345748702,0.2720880217666041,0.9425323750896337,-0.5685995966792303,0.6373838954369991,-1.3750717736118838,0.9545350268917948,1.4070677064661887
180,0.3269720397850373,0.10037582345748702,0.2720880217666041,0.945802806309801,-0.5702881399336994,0.6383063032803517,-1.3747660541802638,0.9578845278343849,1.4069251656799309
181,0.3264603262226642,0.10037582345748702,0.2720880217666041,0.9490568730965749,-0.5719533647982549,0.6392139218209745,-1.3744688709682882,0.9612165534823316,1.4067905615810168
182,0.3259536126602911,0.10037582345748702,0.2720880217666041,0.9522941670739626,-0.5735954142943385,0.6401069153728297,-1.3741800632130887,0.9645306904147494,1.4066637342934338
183,0.32545189909791805,0.10037582345748702,0.2720880217666041,0.9555142811270876,-0.5752144327344029,0.6409854469808851,-1.3738994707479513,0.9678265272259556,1.4065445235955478
184,0.3249551855355449,0.10037582345748702,0.2720880217666041,0.9587168095218135,-0.576810565664875,0.641849678411249,-1.3736269340846354,0.9711036546296494,1.4064327690012275
185,0.3244634719731718,0.10037582345748702,0.2720880217666041,0.961901348023035,-0.5783839598083862,0.6426997701413482,-1.3733622944928683,0.9743616655614132,1.4063283098390431
186,0.32397675841079876,0.10037582345748702,0.2720880217666041,0.9650674940115528,-0.5799347630053049,0.6435358813501573,-1.3731053940770326,0.977600155279484,1.406230985329575
187,0.3234950448484256,0.10037582345748702,0.2720880217666041,0.9682148465994369,-0.5814631241546198,0.64435816990848,-1.372856075850061,0.9808187214637186,1.4061406346608438
188,0.32301833128605256,0.10037582345748702,0.2720880217666041,0.9713430067437955,-0.582969193154208,0.6451667923692895,-1.3726141838045631,0.9840169643127036,1.4060570970618922
189,0.32254661772367943,0.10037582345748702,0.2720880217666041,0.9744515773588749,-0.5844531208405446,0.645961903958133,-1.3723795629811975,0.9871944866389575,1.4059802118745324
190,0.3220799041613064,0.10037582345748702,0.2720880217666041,0.9775401634263985,-0.5859150589278772,0.6467436585636016,-1.3721520595343188,0.9903508939621556,1.4059098186232946
191,0.32161819059893326,0.10037582345748702,0.2720880217666041,0.980608372104085,-0.5873551599469287,0.6475122087278732,-1.3719315207949208,0.9934857946003502,1.405845757083589
192,0.3211614770365602,0.10037582345748702,0.2720880217666041,0.9836558128322599,-0.5887735771831535,0.6482677056373294,-1.3717177953308992,0.9965987997591157,1.4057878673481148
193,0.3207097634741871,0.10037582345748702,0.2720880217666041,0.9866820974385029,-0.5901704646146015,0.649010299113252,-1.3715107330046696,0.9996895236185909,1.4057359898915354
194,0.320263049911814,0.10037582345748702,0.2720880217666041,0.9896868402402611,-0.5915459768494267,0.6497401376026011,-1.37131018502816,1.0027575834183668,1.405689965633448
195,0.3198213363494409,0.10037582345748702,0.2720880217666041,0.992669658145365,-0.5929002690630796,0.6504573681688786,-1.3711160040152166,1.0058025995401825,1.4056496359996766
196,0.3193846227870678,0.10037582345748702,0.2720880217666041,0.9956301707503978,-0.594233496935237,0.651162136483081,-1.3709280440314515,1.0088241955883979,1.4056148429819038
197,0.3189529092246947,0.10037582345748702,0.2720880217666041,0.9985680004368558,-0.5955458165864957,0.6518545868147435,-1.3707461606415663,1.0118219984682069,1.405585429195682
198,0.3185261956623216,0.10037582345748702,0.2720880217666041,1.001482772465055,-0.5968373845148793,0.6525348620230776,-1.3705702109541895,1.0147956384615573,1.4055612379368425
199,0.3181044820999485,0.10037582345748702,0.2720880217666041,1.0043741150657373,-0.5981083575322015,0.6532031035482063,-1.3704000536642609,1.017744749300762,1.4055421132363286
200,0.3176877685375754,0.10037582345748702,0.2720880217666041,1.0072416595293339,-0.5993588927003168,0.6538594514024986,-1.3702355490930036,1.0206689682397674,1.405527899913487
201,0.31727605497520234,0.10037582345748702,0.2720880217666041,1.0100850402928483,-0.6005891472673102,0.6545040441620052,-1.3700765592255228,1.023567936123067,1.405518443627836
202,0.31686934141282924,0.10037582345748702,0.2720880217666041,1.012903895024325,-0.6017992786036528,0.6551370189579985,-1.3699229477460706,1.0264412974522357,1.4055135909293472
203,0.3164676278504562,0.10037582345748702,0.2720880217666041,1.015697864704873,-0.6029894441383736,0.6557585114686167,-1.3697745800710195,1.029288700450084,1.4055131893072608
204,0.3160709142880831,0.10037582345748702,0.2720880217666041,1.0184665937082211,-0.6041598012952751,0.6563686559106177,-1.3696313233795891,1.0321097971224056,1.4055170872374692
205,0.31567920072571,0.10037582345748702,0.2720880217666041,1.0212097298777774,-0.6053105074292415,0.65696758503124,-1.3694930466423674,1.034904243317326,1.4055251342284902
206,0.3152924871633369,0.10037582345748702,0.2720880217666041,1.0239269246011802,-0.6064417197626635,0.6575554301001749,-1.3693596206476732,1.037671698782241,1.405537180866063
207,0.3149107736009638,0.10037582345748702,0.2720880217666041,1.0266178328823263,-0.6075535953220292,0.6581323209016525,-1.3692309180258073,1.0404118272183478,1.4055530788563948
208,0.31453406003859075,0.10037582345748702,0.2720880217666041,1.02928211341086,-0.6086462908747059,0.6586983857266376,-1.369106813271235,1.04312429633277,1.4055726810680793
209,0.31416234647621766,0.10037582345748702,0.2720880217666041,1.0319194286291242,-0.6097199628659538,0.6592537513651439,-1.368987182762754,1.045808777888282,1.4055958415727263
210,0.31379563291384455,0.10037582345748702,0.2720880217666041,1.0345294447965663,-0.6107747673562041,0.6597985430986605,-1.3688719047816904,1.0484649477506485,1.4056224156843204
211,0.31343391935147147,0.10037582345748702,0.2720880217666041,1.0371118320516015,-0.6118108599586312,0.6603328846926972,-1.3687608595281786,1.0510924859335784,1.4056522599973431
212,0.31307720578909837,0.10037582345748702,0.2720880217666041,1.0396662644709391,-0.6128283957770626,0.6608568983894466,-1.3686539291355673,1.0536910766413257,1.405685232423679
213,0.3127254922267253,0.10037582345748702,0.2720880217666041,1.0421924201263781,-0.6138275293442388,0.6613707049005625,-1.368550997683012,1.0562604083089395,1.4057211922283468
214,0.3123787786643522,0.10037582345748702,0.2720880217666041,1.0446899811390862,-0.614808414560478,0.6618744234000594,-1.3684519512062954,1.0588001736401962,1.4057600000640615
215,0.31203706510197915,0.10037582345748702,0.2720880217666041,1.0471586337313774,-0.6157712046327548,0.6623681715173297,-1.3683566777069367,1.061310069643231,1.4058015180046801
216,0.311700351539606,0.10037582345748702,0.2720880217666041,1.049598068276006,-0.6167160520142332,0.66285206533028,-1.3682650671596368,1.0637897976639001,1.4058456095775371
217,0.3113686379772329,0.10037582345748702,0.2720880217666041,1.0520079793429984,-0.6176431083442799,0.663326219358588,-1.3681770115181122,1.066239063416899,1.4058921397947073
218,0.31104192441485984,0.10037582345748702,0.2720880217666041,1.0543880657440532,-0.6185525243889858,0.6637907465570793,-1.3680924047193748,1.0686575770146756,1.4059409751832201
219,0.31072021085248674,0.10037582345748702,0.2720880217666041,1.0567380305745306,-0.6194444499822187,0.6642457583092234,-1.3680111426865054,1.0710450529941644,1.4059919838142514
220,0.3104034972901137,0.10037582345748702,0.2720880217666041,1.0590575812530678,-0.6203190339672386,0.6646913644207513,-1.3679331233299814,1.0734012103413875,1.406045035331319
221,0.3100917837277406,0.10037582345748702,0.2720880217666041,1.0613464295588522,-0.6211764241388984,0.6651276731133923,-1.3678582465476035,1.0757257725139546,1.4061000009775055
222,0.3097850701653675,0.10037582345748702,0.2720880217666041,1.0636042916665915,-0.6220167671864445,0.6655547910187297,-1.3677864142230876,1.0780184674615108,1.4061567536217434
223,0.3094833566029944,0.10037582345748702,0.2720880217666041,1.0658308881792176,-0.6228402086369638,0.6659728231721795,-1.3677175302233604,1.0802790276441696,1.4062151677841663
224,0.3091866430406213,0.10037582345748702,0.2720880217666041,1.0680259441583695,-0.6236468927994663,0.6663818730070848,-1.3676515003946312,1.0825071900489824,1.406275119660583
225,0.3088949294782482,0.10037582345748702,0.2720880217666041,1.0701891891526978,-0.6244369627096598,0.6667820423489328,-1.3675882325572748,1.0847026962044908,1.4063364871460633
226,0.3086082159158751,0.10037582345748702,0.2720880217666041,1.0723203572240365,-0.625210560075403,0.6671734314096874,-1.3675276364995956,1.0868652921934063,1.4063991498576909
227,0.308326502353502,0.10037582345748702,0.2720880217666041,1.0744191869714972,-0.625967825222888,0.6675561387822441,-1.367469623970516,1.0889947286634822,1.4064629891564835
228,0.30804978879112893,0.10037582345748702,0.2720880217666041,1.0764854215535269,-0.6267088970435446,0.6679302614349992,-1.3674141086712484,1.0910907608366143,1.4065278881685188
229,0.3077780752287559,0.10037582345748702,0.2720880217666041,1.078518808707993,-0.6274339129417017,0.6682958947065385,-1.367361006246001,1.0931531485162373,1.4065937318052812
230,0.30751136166638277,0.10037582345748702,0.2720880217666041,1.080519100770342,-0.6281430087830118,0.6686531323004423,-1.3673102342717747,1.0951816560930692,1.4066604067832569
231,0.3072496481040097,0.10037582345748702,0.2720880217666041,1.0824860546898905,-0.628836318843665,0.6690020662802065,-1.3672617122472956,1.0971760525492564,1.4067278016427898
232,0.30699293454163656,0.10037582345748702,0.2720880217666041,1.084419432044311,-0.6295139757603931,0.6693427870642789,-1.3672153615811469,1.099136111460989,1.4067958067662378
233,0.3067412209792635,0.10037582345748702,0.2720880217666041,1.0863189990523645,-0.6301761104812962,0.669675383421211,-1.367171105579142,1.101061610999632,1.4068643143954287
234,0.3064945074168904,0.10037582345748702,0.2720880217666041,1.0881845265849457,-0.6308228522174892,0.6699999424649238,-1.367128869430996,1.1029523339314466,1.4069332186484544
235,0.3062527938545173,0.10037582345748702,0.2720880217666041,1.0900157901744985,-0.6314543283955905,0.6703165496500858,-1.3670885801963455,1.1048080676159506,1.4070024155358152
236,0.3060160802921442,0.10037582345748702,0.2720880217666041,1.0918125700228698,-0.6320706646110628,0.6706252887676046,-1.3670501667901638,1.1066286040029907,1.4070718029759328
237,0.3057843667297711,0.10037582345748702,0.2720880217666041,1.0935746510076576,-0.6326719845824131,0.67092624194023,-1.3670135599676287,1.1084137396285798,1.4071412808100607
238,0.305557653167398,0.10037582345748702,0.2720880217666041,1.0953018226871236,-0.633258410106273,0.6712194896182667,-1.3669786923084828,1.110163275609571,1.4072107508165967
239,0.3053359396050249,0.10037582345748702,0.2720880217666041,1.0969938793037348,-0.6338300610133523,0.6715051105753989,-1.3669454982009448,1.1118770176372255,1.4072801167248334
240,0.30511922604265185,0.10037582345748702,0.2720880217666041,1.0986506197863932,-0.6343870551252953,0.6717831819046213,-1.3669139138252095,1.1135547759697424,1.4073492842281456
241,0.30490751248027875,0.10037582345748702,0.2720880217666041,1.1002718477514288,-0.6349295082124295,0.6720537790142808,-1.3668838771365923,1.1151963654238113,1.4074181609966503
242,0.30470079891790564,0.10037582345748702,0.2720880217666041,1.101857371502413,-0.6354575339524278,0.6723169756242232,-1.366855327848361,1.1168016053652532,1.407486656689345
243,0.30449908535553255,0.10037582345748702,0.2720880217666041,1.1034070040288622,-0.6359712438898861,0.6725728437620471,-1.3668282074142986,1.1183703196988144,1.407554682965742
244,0.30430237179315944,0.10037582345748702,0.2720880217666041,1.1049205630039014,-0.6364707473968174,0.6728214537594623,-1.3668024590110477,1.119902336857177,1.4076221534970257
245,0.30411065823078637,0.10037582345748702,0.2720880217666041,1.1063978707809445,-0.6369561516340858,0.6730628742487538,-1.3667780275202728,1.1213974897892491,1.4076889839767284
246,0.30392394466841327,0.10037582345748702,0.2720880217666041,1.107838754389467,-0.6374275615137628,0.6732971721593469,-1.366754859510692,1.1228556159477971,1.4077550921309627
247,0.30374223110604015,0.10037582345748702,0.2720880217666041,1.109243045529928,-0.6378850796624271,0.6735244127144766,-1.3667329032200144,1.1242765572764861,1.4078203977282113
248,0.30356551754366706,0.10037582345748702,0.2720880217666041,1.110610580567913,-0.6383288063854127,0.6737446594279571,-1.366712108536825,1.1256601601963878,1.4078848225886862
249,0.303393803981294,0.10037582345748702,0.2720880217666041,1.1119412005275593,-0.6387588396319934,0.6739579741010523,-1.3666924269824634,1.1270062755920212,1.4079482905932892
250,0.3032270904189209,0.10037582345748702,0.2720880217666041,1.113234751084327,-0.6391752749615263,0.6741644168194445,-1.3666738116929282,1.1283147587969822,1.4080107276921654
251,0.3030653768565478,0.10037582345748702,0.2720880217666041,1.1144910825571779,-0.6395782055105466,0.6743640459503035,-1.366656217400851,1.129585469579226,1.408072061912876
252,0.30290866329417465,0.10037582345748702,0.2720880217666041,1.1157100499002313,-0.6399677219608173,0.6745569181394512,-1.3666396004175747,1.1308182721260651,1.408132223368203
253,0.30275694973180156,0.10037582345748702,0.2720880217666041,1.1168915126939472,-0.6403439125083401,0.6747430883086233,-1.3666239186153752,1.1320130350289315,1.4081911442635886
254,0.3026102361694285,0.10037582345748702,0.2720880217666041,1.1180353351359091,-0.640706862833325,0.674922609652827,-1.3666091314098594,1.1331696312679733,1.4082487589042334
255,0.30246852260705537,0.10037582345748702,0.2720880217666041,1.1191413860312565,-0.6410566560711204,0.6750955336377934,-1.3665951997425783,1.1342879381965318,1.4083050037018583
256,0.30233180904468226,0.10037582345748702,0.2720880217666041,1.1202095387828275,-0.6413933727841097,0.675261909997522,-1.366582086063883,1.1353678375255587,1.4083598171811376
257,0.3022000954823092,0.10037582345748702,0.2720880217666041,1.121239671381075,-0.64171709093457,0.6754217867319204,-1.366569754316062,1.13640921530803,1.408413139985823
258,0.3020733819199361,0.10037582345748702,0.2720880217666041,1.122231666393803,-0.642027885858496,0.6755752101045338,-1.3665581699167864,1.137411961923407,1.4084649148845598
259,0.301951668357563,0.10037582345748702,0.2720880217666041,1.1231854109557828,-0.6423258302403894,0.675722224640367,-1.3665472997428987,1.1383759720621933,1.4085150867764125
260,0.3018349547951899,0.10037582345748702,0.2720880217666041,1.1241007967582999,-0.642610994089011,0.6758628731237958,-1.366537112114569,1.139301144710642,1.4085636026961046
261,0.3017232412328168,0.10037582345748702,0.2720880217666041,1.124977720038686,-0.6428834447141041,0.6759971965965682,-1.3665275767798515,1.1401873831356635,1.4086104118189795
262,0.3016165276704437,0.10037582345748702,0.2720880217666041,1.1258160815698794,-0.6431432467040761,0.6761252343558941,-1.3665186648996652,1.1410345948699723,1.4086554654656989
263,0.30151481410807063,0.10037582345748702,0.2720880217666041,1.1266157866500737,-0.6433904619046502,0.6762470239526223,-1.3665103490332278,1.141842691697532,1.408698717106679
264,0.3014181005456975,0.10037582345748702,0.2720880217666041,1.1273767450924845,-0.6436251493984781,0.6763626011895055,-1.3665026031239662,1.1426115896393272,1.408740122366276
265,0.3013263869833244,0.10037582345748702,0.2720880217666041,1.1280988712152964,-0.6438473654857186,0.6764720001195517,-1.3664954024859277,1.1433412089395172,1.408779639026729
266,0.3012396734209513,0.10037582345748702,0.2720880217666041,1.1287820838318214,-0.6440571636655767,0.6765752530444591,-1.3664887237907148,1.1440314740520061,1.4088172270318642
267,0.3011579598585782,0.10037582345748702,0.2720880217666041,1.1294263062409158,-0.6442545946188076,0.6766723905131392,-1.3664825450549656,1.1446823136274693,1.4088528484905691
268,0.30108124629620514,0.10037582345748702,0.2720880217666041,1.1300314662176891,-0.64443970619118,0.6767634413203218,-1.3664768456284013,1.1452936605008723,1.408886467680044
269,0.301009532733832,0.10037582345748702,0.2720880217666041,1.1305974960045542,-0.6446125433779004,0.6768484325052451,-1.3664716061824584,1.145865451679523,1.4089180510488342
270,0.30094281917145893,0.10037582345748702,0.2720880217666041,1.1311243323026352,-0.6447731483089965,0.6769273893504273,-1.3664668086995253,1.1463976283316795,1.4089475672196492
271,0.3008811056090858,0.10037582345748702,0.2720880217666041,1.131611916263589,-0.6449215602356597,0.6770003353805235,-1.3664624364628002,1.1468901357757586,1.4089749869919757
272,0.30082439204671274,0.10037582345748702,0.2720880217666041,1.1320601934818508,-0.6450578155175433,0.6770672923612615,-1.3664584740467878,1.1473429234701629,1.4090002833444883
273,0.30077267848433964,0.10037582345748702,0.2720880217666041,1.1324691139873495,-0.645181947611019,0.6771282802984617,-1.3664549073084464,1.1477559450037629,1.4090234314372596
274,0.3007259649219665,0.10037582345748702,0.2720880217666041,1.13283863223871,-0.6452939870583894,0.6771833174371368,-1.366451723379004,1.148129158087054,1.409044408613778
275,0.3006842513595934,0.10037582345748702,0.2720880217666041,1.1331687071169712,-0.6453939614780508,0.6772324202606728,-1.366448910656452,1.1484625245440137,1.409063194402778
276,0.3006475377972203,0.10037582345748702,0.2720880217666041,1.133459301919844,-0.6454818955556152,0.6772756034900899,-1.3664464587987317,1.1487560103046839,1.409079770519877
277,0.30061582423484723,0.10037582345748702,0.2720880217666041,1.1337103843565268,-0.645557811035983,0.6773128800833838,-1.3664443587176196,1.149009585398493,1.4090941208690324
278,0.30058911067247407,0.10037582345748702,0.2720880217666041,1.1339219265431029,-0.6456217267163638,0.677344261234947,-1.3664426025733278,1.1492232239483384,1.4091062315438236
279,0.300567397110101,0.10037582345748702,0.2720880217666041,1.1340939049985241,-0.645673658440256,0.6773697563750678,-1.3664411837698194,1.149396904165443,1.4091160908285414
280,0.3005506835477279,0.10037582345748702,0.2720880217666041,1.1342263006412154,-0.6457136190923722,0.6773893731695115,-1.3664400969508543,1.1495306083450043,1.4091236891991146
281,0.3005389699853548,0.10037582345748702,0.2720880217666041,1.13431909878629,-0.6457416185945157,0.6774031175191771,-1.3664393379967643,1.1496243228626386,1.4091290193238533
282,0.3005322564229817,0.10037582345748702,0.2720880217666041,1.1343722891433983,-0.6457576639024083,0.6774109935598357,-1.3664389040219673,1.1496780381716356,1.409132076064023
283,0.3005304810121945,0.10037582345748702,0.2720880217666041,1.1343863558476472,-0.6457619068077016,0.6774130762122164,-1.3664387893804282,1.1496922436682222,1.4091328846435676
