J1_rad,J2_rad,J3_rad,J4_rad,J5_rad,J6_rad
1.1315871588586195,-0.6421277334250017,0.6804866362323811,-1.3663435077717752,1.1453963480759637,1.4077711102799213
1.1315962982387469,-0.6421148999476727,0.6804802692916804,-1.366346830441701,1.1454039837100867,1.407780082842424
1.1316239507117667,-0.6420764156991681,0.6804612537710383,-1.366356936659184,1.1454270896118626,1.4078071656236575
1.1316700860163849,-0.6420122785640436,0.6804295787055125,-1.3663738085547212,1.1454656400825185,1.4078523373490193
1.1317346738913077,-0.6419224864268548,0.6803852331301605,-1.3663974282588103,1.1455196094232822,1.4079155767439075
1.1318176840752407,-0.6418070371721575,0.6803282060800403,-1.366427777901948,1.1455889719353807,1.4079968625337203
1.1319190863068906,-0.6416659286845071,0.6802584865902095,-1.366464839614632,1.1456737019200414,1.4080961734438553
1.1320388503249696,-0.6414991588484631,0.6801760636957297,-1.3665085955273677,1.1457737736784983,1.4082134881997186
1.1321769540357411,-0.6413067260931868,0.6800809294434552,-1.3665590325714838,1.1458891684477055,1.4083487913156556
1.132333373333421,-0.6410886287303997,0.6799730751050939,-1.3666161365097338,1.1460198657562746,1.4085020658502079
1.1325080714920344,-0.6408448641958352,0.6798524873671274,-1.3666798856578781,1.1461658344154564,1.4086732859785172
1.1327010075320536,-0.6405754296386701,0.6797191513533564,-1.3667502558290365,1.1463270396244136,1.4088624228661804
1.1329121362426369,-0.6402803219265287,0.6795730506261033,-1.3668272203496992,1.1465034429891654,1.4090694446787115
1.1331414082061326,-0.6399595376509962,0.6794141671875404,-1.3669107500773485,1.1466950025434666,1.4092943165919503
1.1333887698248246,-0.6396130731336317,0.6792424814811441,-1.3670008134196734,1.1469016727716026,1.409537000803399
1.1336541633498967,-0.6392409244324805,0.6790579723932719,-1.3670973763553507,1.1471234046330832,1.4097974565444764
1.1339375269125882,-0.6388430873490727,0.6788606172548656,-1.3672004024563682,1.147360145589209,1.4100756400936696
1.134238794557513,-0.6384195574359068,0.6786503918432774,-1.3673098529118672,1.1476118396314963,1.4103715047905636
1.13455789627811,-0.6379703300044063,0.6784272703842192,-1.3674256865534664,1.147878427311927,1.4106850010507315
1.1348947580541948,-0.6374954001333437,0.6781912255538358,-1.3675478598820476,1.1481598457750033,1.4110160763814634
1.1352493018915768,-0.6369947626777217,0.6779422284808982,-1.3676763270959647,1.1484560287915824,1.4113646753983138
1.1356214458637073,-0.6364684122781044,0.6776802487491207,-1.3678110401206416,1.1487669067944528,1.4117307398424412
1.1360111041553187,-0.6359163433703876,0.6774052543995981,-1.3679519486395308,1.149092406915636,1.4121142085987213
1.1364181871080183,-0.6353385501959975,0.6771172119333619,-1.3680990001263884,1.149432453025369,1.4125150177146046
1.1368426012677917,-0.6347350268125107,0.6768160863140589,-1.3682521398788325,1.149786965772743,1.4129331004196972
1.137284249434379,-0.634105767104681,0.676501840970745,-1.368411311053146,1.1501558626279629,1.413368387146034
1.1377430307124723,-0.6334507647958636,0.6761744378007994,-1.3685764547002788,1.1505390579261883,1.4138208055490225
1.1382188405646954,-0.6327700134598252,0.6758338371729553,-1.3687475098030157,1.1509364629129255,1.4142902805290256
1.138711570866313,-0.6320635065329276,0.6754799979304453,-1.3689244133142595,1.1513479857909275,1.4147767342535589
1.139221109961627,-0.6313312373266727,0.6751128773942637,-1.369107100196392,1.1517735317685645,1.415280086180068
1.1397473427220022,-0.6305731990405956,0.674732431366542,-1.3692955034616643,1.152213003109627,1.4158002530792664
1.14029015060548,-0.6297893847754932,0.6743386141340365,-1.3694895542135737,1.1526662991845174,1.4163371490589944
1.1408494117179167,-0.6289797875469755,0.6739313784717302,-1.3696891816891805,1.1531333165227897,1.4168906855885743
1.141425000875604,-0.6281444002993243,0.6735106756465424,-1.369894313302317,1.1536139488669928,1.417460771523634
1.1420167896693092,-0.627283215919647,0.6730764554211497,-1.3701048746876425,1.1541080872277742,1.418047313131363
1.1426246465296817,-0.6263962272523098,0.6726286660579146,-1.3703207897454968,1.1546156199402002,1.4186502141161714
1.143248436793974,-0.6254834271136366,0.6721672543229207,-1.3705419806875032,1.155136432721243,1.419269375645731
1.1438880227740118,-0.6245448083068582,0.6716921654901133,-1.3707683680828713,1.155670408728394,1.4199046963773505
1.1445432638253634,-0.6235803636372977,0.6712033433455442,-1.370999870905353,1.1562174286193478,1.4205560724846702
1.1452140164176425,-0.6225900859277743,0.6707007301917182,-1.3712364065808025,1.156777370612721,1.4212233976846385
1.1459001342058919,-0.6215739680342136,0.6701842668520407,-1.3714778910352874,1.157350110549742,1.4219065632647385
1.1466014681029804,-0.6205320028614446,0.6696538926753646,-1.371724238743707,1.1579355219568748,1.4226054581104415
1.1473178663529637,-0.6194641833791715,0.6691095455406342,-1.371975362778863,1.1585334761093262,1.4233199687328488
1.1480491746053332,-0.6183705026381008,0.6685511618616246,-1.3722311748609402,1.1591438420953755,1.4240499792965
1.1487952359901066,-0.6172509537862082,0.6679786765917751,-1.3724915854073392,1.1597664868814888,1.4247953716473156
1.1495558911936892,-0.6161055300851315,0.6673920232291133,-1.3727565035828229,1.160401275378163,1.4255560253406445
1.1503309785354476,-0.6149342249266687,0.6667911338212704,-1.3730258373499171,1.1610480705064445,1.4263318176693873
1.1511203340449359,-0.6137370318493677,0.6661759389705827,-1.3732994935195286,1.1617067332650755,1.4271226236921764
1.1519237915397065,-0.6125139445551894,0.6655463678392789,-1.3735773778017237,1.1623771227982158,1.4279283162615715
1.1527411827036513,-0.611264956926228,0.6649023481547509,-1.3738593948566247,1.1630590964636878,1.4287487660522578
1.153572337165807,-0.6099900630414715,0.6642438062149051,-1.3741454483453777,1.163752509901693,1.429583841589212
1.1544170825795614,-0.6086892571935847,0.663570666893591,-1.3744354409811455,1.1644572171039491,1.4304334092758175
1.1552752447022059,-0.607362533905698,0.6628828536461082,-1.374729274580079,1.165173070483195,1.4312973334218975
1.1561466474747655,-0.6060098879481859,0.6621802885147836,-1.375026850112223,1.1658999209430154,1.4321754762716532
1.1570311131020528,-0.6046313143554158,0.6614628921346208,-1.3753280677523174,1.1666376179479265,1.43306769803147
1.157928462132878,-0.6032268084424535,0.6607305837390175,-1.375632826930442,1.1673860095936839,1.433973856897585
1.1588385135403636,-0.6017963658217037,0.6599832811655467,-1.3759410263824732,1.1681449426777482,1.4348938090835857
1.1597610848022968,-0.6003399824194737,0.6592209008618003,-1.3762525642003003,1.168914262769868,1.4358274088477172
1.1606959919814681,-0.5988576544924383,0.6584433578912916,-1.3765673378817758,1.1696938142827278,1.4367745085199928
1.1616430498059307,-0.5973493786439927,0.6576505659394134,-1.3768852443803459,1.1704834405426077,1.4377349585290715
1.1626020717491319,-0.5958151518404742,0.656842437319448,-1.3772061801543332,1.1712829838600103,1.4387086074288997
1.1635728701098527,-0.594254971427237,0.656018882978627,-1.3775300412158322,1.172092285600206,1.4396953019250955
1.1645552560919041,-0.5926688351445637,0.6551798125042358,-1.3778567231791792,1.1729111862536443,1.4406948869010558
1.1655490398835266,-0.5910567411433949,0.6543251341297611,-1.3781861213089672,1.1737395255061907,1.4417072054437814
1.1665540307364342,-0.5894186880008628,0.6534547547410751,-1.3785181305675664,1.1745771423091371,1.4427320988693981
1.1675700370444555,-0.5877546747356108,0.6525685798826548,-1.3788526456621264,1.1754238749489443,1.4437694067483675
1.1685968664217197,-0.5860647008228841,0.6516665137638334,-1.3791895610910179,1.176279561116666,1.4448189669303704
1.1696343257803314,-0.5843487662093731,0.650748459265075,-1.3795287711896957,1.1771440379770177,1.4458806155688602
1.1706822214074952,-0.5826068713277973,0.6498143179442739,-1.3798701701759473,1.1780171422370402,1.4469541871452678
1.1717403590420299,-0.5808390171112083,0.6488639900430715,-1.3802136521945014,1.1788987102143205,1.448039514492857
1.1728085439502371,-0.5790452050070034,0.6478973744931863,-1.380559111360974,1.1797885779047248,1.449136428820219
1.1738865810010695,-0.577225436990628,0.6469143689227533,-1.3809064418051213,1.1806865810496077,1.4502447597344015
1.1749742747405598,-0.575379715578955,0.6459148696626681,-1.38125553771338,1.1815925552024509,1.4513643352636636
1.176071429465466,-0.5735080438433253,0.6448987717529301,-1.3816062933706745,1.1825063357949046,1.4524949818798578
1.1771778492960903,-0.5716104254222356,0.6438659689489808,-1.3819586032014677,1.1834277582021797,1.4536365245204286
1.1782933382482328,-0.5696868645336559,0.6428163537280325,-1.382312361810032,1.1843566578077687,1.4547887866100293
1.179417700304242,-0.5677373659869667,0.6417498172953797,-1.3826674640199335,1.185292870067451,1.4559515900817543
1.180550739483121,-0.5657619351944978,0.6406662495906923,-1.3830238049126997,1.1862362305725516,1.4571247553979843
1.1816922599096586,-0.563760578182658,0.6395655392942804,-1.3833812798656653,1.1871865751124233,1.4583081015708448
1.182842065882547,-0.5617333016026388,0.6384475738333286,-1.383739784588974,1.1881437397361152,1.4595014461822804
1.1839999619414563,-0.5596801127406822,0.6373122393880929,-1.3840992151617293,1.189107560813202,1.4607046054037418
1.1851657529330297,-0.5576010195278972,0.636159420898053,-1.384459468067277,1.1900778750937435,1.4619173940154928
1.1863392440757767,-0.5554960305496119,0.6349890020680166,-1.3848204402276145,1.1910545197673477,1.4631396254255358
1.1875202410238288,-0.5533651550542513,0.6338008653741681,-1.3851820290369101,1.1920373325213072,1.4643711116881595
1.1887085499295351,-0.5512084029617244,0.6325948920700551,-1.3855441323941307,1.1930261515977894,1.4656116635221164
1.1899039775048712,-0.5490257848713129,0.6313709621925057,-1.3859066487347678,1.1940208158500514,1.4668610903284311
1.191106331081639,-0.5468173120690469,0.6301289545674728,-1.3862694770616546,1.1950211647976614,1.4681192002078458
1.1923154186704328,-0.5445829965345561,0.6288687468157959,-1.3866325169748706,1.1960270386807013,1.46938579997791
1.1935310490183522,-0.5423228509473879,0.6275902153588744,-1.3869956687007297,1.1970382785129328,1.470660695189716
1.1947530316654453,-0.5400368886927783,0.6262932354242443,-1.3873588331198499,1.1980547261339094,1.471943690144295
1.1959811769998592,-0.5377251238668679,0.6249776810510541,-1.3877219117942996,1.1990762242600137,1.473234587908674
1.1972152963116856,-0.5353875712813502,0.6236434250954286,-1.3880848069938228,1.2001026165344049,1.4745331903316026
1.198455201845488,-0.5330242464675442,0.6222903392357154,-1.3884474217211427,1.2011337475758643,1.4758392980589596
1.1997007068514933,-0.5306351656798813,0.620918293977606,-1.3888096597363417,1.202169463026524,1.4771527105488491
1.2009516256354382,-0.5282203458987949,0.6195271586591237,-1.389171425580327,1.203209609598462,1.4784732260863862
1.2022077736070615,-0.5257798048330082,0.6181168014554688,-1.3895326245973738,1.2042540351191597,1.4798006417981915
1.2034689673272327,-0.5233135609212065,0.616687089383715,-1.3898931629567617,1.2053025885758093,1.4811347536665993
1.204735024553708,-0.5208216333330888,0.6152378883073472,-1.3902529476734993,1.206355120158461,1.4824753565435844
1.2060057642855098,-0.5183040419697899,0.6137690629406323,-1.3906118866281472,1.2074114813020047,1.4838222441644264
1.2072810068059239,-0.5157608074636636,0.6122804768528141,-1.390969888585744,1.2084715247269786,1.4851752091611083
1.2085605737241139,-0.5131919511774228,0.6107719924721242,-1.391326863213844,1.2095351044792035,1.4865340430754737
1.2098442880153462,-0.5105974952026249,0.6092434710895988,-1.3916827210996687,1.210602075968234,1.4878985363721382
1.2111319740598288,-0.5079774623574999,0.6076947728626916,-1.392037373766388,1.2116722960046282,1.4892684784511732
1.212423457680163,-0.5053318761841117,0.6061257568186748,-1.392390733688534,1.212745622836032,1.4906436576605708
1.2137185661774117,-0.5026607609448474,0.6045362808578179,-1.3927427143065563,1.21382191618208,1.4920238613084948
1.215017128365785,-0.49996414161822783,0.6029262017563328,-1.3930932300405354,1.2149010372681128,1.4934088756753305
1.2163189746059473,-0.4972420438940359,0.6012953751690775,-1.3934421963030568,1.2159828488577125,1.4947984860255443
1.217623936836955,-0.4944944941677536,0.5996436556320064,-1.3937895295112612,1.217067215284058,1.4961924766193566
1.218931848606828,-0.49172151953430554,0.5979708965643576,-1.3941351470980807,1.2181540024801083,1.4975906307242426
1.220242545101762,-0.4889231477811036,0.5962769502705654,-1.3944789675226734,1.219243078007615,1.498992730626266
1.2215558631739942,-0.4860994073803865,0.5945616679418873,-1.3948209102800688,1.2203343110849718,1.5003985576412548
1.2228716413683285,-0.4832503274808523,0.5928248996577359,-1.3951608959100366,1.2214275726139054,1.501807892125829
1.2241897199473295,-0.48037593789857824,0.5910664943867021,-1.3954988460051896,1.222522735205021,1.5032205134882837
1.2255099409152057,-0.4774762691072242,0.5892862999872591,-1.395834683218339,1.2236196732022047,1.5046362001993423
1.2268321480403803,-0.4745513522275173,0.5874841632081346,-1.3961683312691107,1.2247182627058986,1.506054729802777
1.228156186876777,-0.4716012190160137,0.5856599296883396,-1.396499714949838,1.2258183815952521,1.5074758789259133
1.229481904783823,-0.46862590185313424,0.5838134439568428,-1.3968287601307479,1.2269199095491683,1.508899423290019
1.2308091509451955,-0.4656254337304716,0.5819445494318748,-1.397155393764451,1.2280227280662506,1.510325137720581
1.2321377763863164,-0.46259984823736733,0.580053088419852,-1.3974795438897498,1.229126720483666,1.5117527961574861
1.2334676339906179,-0.4595491795467542,0.5781389021139061,-1.3978011396347854,1.2302317719949407,1.5131821716650964
1.2347985785145978,-0.45647346240026404,0.5762018305920055,-1.3981201112195292,1.2313377696666923,1.5146130364422357
1.2361304666016748,-0.453372732092598,0.5742417128146559,-1.398436389957643,1.232444602454328,1.5160451618320836
1.2374631567948693,-0.45024702445515813,0.572258386622166,-1.3987499082577148,1.233552161216711,1.517478318331984
1.2387965095483247,-0.4470963758389379,0.5702516887314621,-1.3990605996238918,1.2346603387298174,1.5189122756031705
1.2401303872376883,-0.4439208230966716,0.5682214547324411,-1.399368398655922,1.2357690296993993,1.5203468024804065
1.2414646541693761,-0.44072040356424025,0.5661675190838434,-1.3996732410486197,1.2368781307726726,1.5217816669815514
1.2427991765887343,-0.43749515504133507,0.5640897151086325,-1.3999750635907717,1.2379875405490404,1.5232166363170434
1.244133822687126,-0.43424511577137387,0.5619878749888653,-1.4002738041635001,1.2390971595898796,1.5246514768993056
1.2454684626079575,-0.4309703244206746,0.559861829760038,-1.400569401738094,1.2402068904274015,1.526085954352073
1.2468029684516715,-0.4276708200568822,0.5577114093048916,-1.4008617963733256,1.2413166375726068,1.5275198335196412
1.248137214279725,-0.4243466421266482,0.5555364423466584,-1.4011509292122686,1.2424263075223596,1.5289528784760336
1.249471076117573,-0.42099783043256567,0.5533367564417374,-1.4014367424786334,1.2435358087655892,1.5303848525340848
1.2508044319566862,-0.4176244251093555,0.551112177971776,-1.401719179472629,1.2446450517886516,1.5318155182544426
1.2521371617556203,-0.414226466599307,0.548862532135145,-1.401998184566373,1.245753949079861,1.533244637454474
1.2534691474401571,-0.41080399562697123,0.5465876429377869,-1.4022737031988615,1.2468624151332177,1.534671971217085
1.2548004928054952,-0.40735644912384394,0.5442869176212626,-1.4025457224556581,1.2479705498129672,1.536097513325894
1.2561320838608223,-0.40388108561684655,0.5419582507207957,-1.4028143700524898,1.2490791059932858,1.5375220823787155
1.2574639360487048,-0.40037750862608423,0.5396011296168508,-1.4030796072269232,1.2501881116593203,1.538945565712468
1.2587951579403331,-0.3968478292841394,0.537216768578052,-1.403341229915622,1.251296838962108,1.5403668853202181
1.2601241407866646,-0.3932962009306773,0.5348078086043625,-1.4035989106501168,1.25240396162459,1.5417842034692182
1.2614487434080939,-0.389728354208775,0.5323780136990575,-1.4038522380436178,1.2535077085491122,1.5431951228827376
1.2627664725343315,-0.3861511326758766,0.5299319635776132,-1.404100753932064,1.2546060137272521,1.544596881524207
1.2640746587032567,-0.38257202894129605,0.527474742821268,-1.4043439882307576,1.2556966625503252,1.5459865420213887
1.2653706278247283,-0.37899872134122736,0.5250116264826448,-1.4045814915661357,1.2567774346165037,1.5473611757674905
1.2666518685126178,-0.37543861116128396,0.5225477621504515,-1.4048128657405112,1.257846243128141,1.5487180417353752
1.2679161952857103,-0.3718983604156635,0.5200878484799085,-1.405037792085949,1.258901270970632,1.5500547600403076
1.2691619077355858,-0.3683834301911364,0.5176358101951675,-1.4052560577618396,1.2599411035619457,1.5513694802859694
1.270387945757117,-0.36489761956316874,0.5151944695696172,-1.4054675800491894,1.2609648585598447,1.5526610447278093
1.2715940409348656,-0.36144260509062026,0.5127652143895787,-1.4056724286931426,1.2619723125117388,1.553929146287141
1.2727808641763252,-0.35801748089460916,0.5103476624065164,-1.4058708463438205,1.2629640245301348,1.5551744814487898
1.2739497383326475,-0.3546194841921563,0.5079401374236465,-1.4060631875348348,1.2639410974038356,1.5563984401995121
1.275101080354377,-0.3512482708123296,0.5055426085912458,-1.4062496307253187,1.2649038787339495,1.5576014514148102
1.2762351823609022,-0.34790381647001956,0.5031552627441213,-1.406430328326322,1.265852611732146,1.5587838150075148
1.277352329423557,-0.3445860963954691,0.5007782848906486,-1.406605428844684,1.2667875334138863,1.5599458269837534
1.2784527997646506,-0.3412950853799275,0.49841185823311396,-1.4067750770025536,1.2677088747742995,1.5610877795048004
1.2795368649497998,-0.33803075781935643,0.4960561641875785,-1.4069394138525078,1.2686168609582849,1.5622099609468971
1.2806047900738173,-0.3347930877562606,0.4937113824032625,-1.4070985768884594,1.2695117114250531,1.5633126559591368
1.2816568339404053,-0.3315820489197048,0.49137769078145543,-1.4072527001525286,1.2703936401073117,1.5643961455195061
1.2826932492358776,-0.3283976147635844,0.4890552654939541,-1.407401914338044,1.2712628555652905,1.56546070698916
1.2837142826971446,-0.3252397585032082,0.4867442810010326,-1.4075463468888407,1.272119561135801,1.5665066141650152
1.2847201752741655,-0.3221084531502537,0.4844449100689473,-1.4076861220949999,1.2729639550765013,1.5675341373307343
1.2857111622870812,-0.3190036715461527,0.4821573237869808,-1.4078213611851829,1.2737962307055504,1.5685435433061667
1.2866874735782146,-0.31592538639395995,0.4798816915840287,-1.4079521824156924,1.274616576536812,1.5695350954953178
1.2876493336591406,-0.3128735702887609,0.477618181244733,-1.4080787011563993,1.2754251764107716,1.5705090539329039
1.288596961852992,-0.3098481957466677,0.475366958925166,-1.408201029973656,1.2762222096213194,1.5714656753295524
1.2895305724321844,-0.3068492352324543,0.47312818916806954,-1.4083192787103196,1.277007851038544,1.5724052131157058
1.2904503747517224,-0.30387666118587786,0.4709020349176535,-1.408433554563,1.2777822712276852,1.5733279174842747
1.2913565733782484,-0.3009304460467329,0.4686886575339579,-1.4085439621566425,1.278545636564373,1.5742340354320954
1.292249368214986,-0.29801056227868294,0.46648821680678315,-1.408650603616547,1.279298109346294,1.5751238108002372
1.2931289546227247,-0.29511698239191264,0.4643008709691937,-1.4087535786379297,1.2800398479013997,1.5759974843131976
1.2939955235369858,-0.2922496789646423,0.4621267767105985,-1.4088529845531172,1.280771006692787,1.5768552936170381
1.2948492615815104,-0.2894086246635445,0.4599660891894146,-1.4089489163964688,1.2814917364203597,1.577697473316486
1.2956903511781916,-0.28659379226310244,0.457818962045318,-1.4090414669671085,1.2822021841193874,1.5785242550110532
1.2965189706535807,-0.28380515466394707,0.45568554741108613,-1.4091307268895603,1.2829024932560658,1.5793358673301967
1.2973352943420862,-0.2810426849102104,0.4535659959240382,-1.4092167846723551,1.2835928038201823,1.5801325359675602
1.2981394926859804,-0.27830635620592764,0.4514604567370779,-1.4092997267646932,1.2842732524149858,1.5809144837143243
1.2989317323323237,-0.2755961419305256,0.44936907752934396,-1.4093796376112353,1.2849439723443563,1.5816819304917005
1.299712176226915,-0.2729120156534272,0.44729200451647266,-1.4094565997050863,1.285605093697366,1.5824350933825913
1.300480983705367,-0.27025395114780576,0.4452293824604795,-1.4095306936390464,1.2862567434303167,1.5831741866624494
1.3012383105814074,-0.26762192240351873,0.4431813546792638,-1.4096019981551882,1.2868990454463443,1.5838994218293574
1.3019843092324983,-0.2650159036392514,0.4411480630557423,-1.409670590192823,1.2875321206726649,1.584611007633354
1.3027191286828672,-0.2624358693138985,0.43912964804661714,-1.4097365449349157,1.2881560871355475,1.5853091501050298
1.3034429146840343,-0.25988179413721246,0.43712624869078404,-1.4097999358530056,1.2887710600330822,1.5859940525834166
1.3041558097929198,-0.2573536530797438,0.43513800261738506,-1.4098608347506818,1.2893771518058206,1.586665915743189
1.3048579534476146,-0.25485142138210226,0.43316504605351325,-1.4099193118056743,1.2899744722053592,1.5873249376211973
1.30554948204089,-0.25237507456356034,0.4312075138315733,-1.409975435610601,1.2905631283609285,1.5879713136423543
1.3062305289915208,-0.24992458843002777,0.42926553939630496,-1.4100292732124242,1.2911432248440562,1.588605236644896
1.3069012248134957,-0.24749993908141638,0.42733925481147406,-1.4100808901506603,1.2917148637313658,1.5892268969050225
1.3075616971831805,-0.24510110291842196,0.42542879076623774,-1.4101303504943867,1.2922781446655702,1.589836482160952
1.3082120710045066,-0.24272805664874267,0.4235342765811882,-1.4101777168780876,1.2928331649147178,1.5904341776363915
1.3088524684722425,-0.240380777292757,0.4216558402140833,-1.4102230505363802,1.2933800194297493,1.5910201660634433
1.3094830091334129,-0.23805924218868124,0.4197936082652666,-1.4102664113376582,1.2939188009004146,1.5915946277049666
1.3101038099469284,-0.23576342899722746,0.4179477059827856,-1.4103078578166923,1.294449599809604,1.5921577403763978
1.3107149853414743,-0.23349331570578047,0.41611825726721197,-1.4103474472062218,1.2949725044861455,1.5927096794670554
1.3113166472717221,-0.23124888063211385,0.41430538467617095,-1.4103852354675694,1.2954876011561107,1.593250617960933
1.3119089052729136,-0.22903010242766247,0.41250920942858504,-1.4104212773203189,1.2959949739926806,1.5937807264569968
1.3124918665138678,-0.22683696008037021,0.410729851408639,-1.4104556262710792,1.296494705164613,1.594300173189
1.31306563584846,-0.22466943291712904,0.40896742916946954,-1.4104883346413724,1.296986874883356,1.5948091240448234
1.313630315865624,-0.22252750060582774,0.4072220599365896,-1.4105194535946683,1.2974715614488472,1.5953077425853563
1.3141860069379168,-0.22041114315702465,0.4054938596110491,-1.4105490331626012,1.2979488412940419,1.5957961900629247
1.3147328072686981,-0.21832034092526195,0.40378294277234195,-1.4105771222703878,1.2984187890282026,1.596274625439282
1.31527081293796,-0.21625507461003596,0.40208942268106074,-1.41060376876148,1.2988814774789947,1.5967432054031654
1.315800117946851,-0.21421532525643797,0.400413411281311,-1.4106290194214706,1.2993369777334185,1.5972020843874364
1.3163208142609348,-0.212201074255481,0.39875501920288486,-1.4106529200012818,1.2997853591776125,1.5976514145858052
1.3168329918522197,-0.21021230334412555,0.39711435576320475,-1.4106755152396557,1.300226689535565,1.598091345969157
1.317336738739997,-0.2082489946050186,0.3954915289690407,-1.4106968488849712,1.3006610349067624,1.5985220263014819
1.3178321410305238,-0.20631113046595864,0.39388664551800834,-1.4107169637164083,1.301088459802805,1.59894360115542
1.318319282955584,-0.2043986936990998,0.39229981079985277,-1.4107359015644787,1.301509027183024,1.599356213927431
1.3187982469099595,-0.20251166741990748,0.39073112889752504,-1.410753703330947,1.3019227984891257,1.599760005852595
1.3192691134878451,-0.2006500350858777,0.3891807025880571,-1.4107704090081552,1.3023298336788878,1.6001551160190475
1.3197319615182395,-0.1988137804950316,0.38764863334324035,-1.4107860576977747,1.302730191258942,1.600541681382069
1.3201868680993356,-0.19700288778419692,0.38613502133011546,-1.4108006876290018,1.3031239283166625,1.60091983677782
1.3206339086319479,-0.19521734142708766,0.3846399654112775,-1.4108143361762109,1.3035111005511877,1.6012897149367422
1.3210731568519936,-0.19345712623219186,0.38316356314500377,-1.4108270398760867,1.3038917623036,1.601651446496625
1.3215046848620675,-0.1917222273404795,0.3817059107852102,-1.4108388344442477,1.3042659665862844,1.6020051600153458
1.3219285631621234,-0.19001263022293952,0.3802671032812406,-1.410849754791377,1.3046337651114905,1.6023509819832946
1.3223448606792945,-0.18832832067795613,0.3788472342774972,-1.410859835038876,1.30499520831912,1.6026890368354811
1.322753644796876,-0.18666928482853493,0.3774463961129167,-1.410869108534056,1.3053503454037592,1.6030194469633403
1.3231549813824897,-0.1850355091193869,0.37606467982029773,-1.410877607864878,1.3056992243409762,1.603342332726234
1.3235489348154565,-0.18342698031388083,0.37470217512548654,-1.4108853648742574,1.3060418919129024,1.60365781246266
1.3239355680133984,-0.18184368549087213,0.3733589704464262,-1.410892410673944,1.3063783937331235,1.6039660025011724
1.324314942458086,-0.18028561204141702,0.37203515289207445,-1.410898775657992,1.3067087742708825,1.6042670171710194
1.3246871182205577,-0.17875274766538085,0.37073080826119753,-1.4109044895158287,1.3070330768746332,1.6045609688125029
1.3250521539855282,-0.17724508036794828,0.3694460210410447,-1.4109095812449355,1.3073513437949429,1.6048479677870664
1.3254101070751012,-0.17576259845604375,0.36818087440590863,-1.4109140791631518,1.30766361620677,1.605128122487118
1.325761033471811,-0.1743052905346698,0.3669354502155793,-1.4109180109206132,1.307969934231131,1.60540153934559
1.326104987841005,-0.17287314550317115,0.365709829013695,-1.4109214035113302,1.3082703369561703,1.605668322845243
1.326442023552585,-0.17146615255143133,0.3645040900259973,-1.4109242832844233,1.308564862457649,1.6059285755277202
1.3267721927021294,-0.17008430115601014,0.3633183111584953,-1.4109266759550203,1.3088535478188659,1.606182398002352
1.327095546131401,-0.16872758107622768,0.36215256899554427,-1.4109286066148239,1.309136429150026,1.6064298889547226
1.3274121334482667,-0.1673959823502027,0.36100693879784496,-1.4109300997423635,1.3094135416070662,1.6066711451549982
1.327722003046038,-0.16608949529085204,0.35988149450036866,-1.4109311792129318,1.3096849194099562,1.6069062614660208
1.3280252021222445,-0.16480811048185662,0.3587763087102129,-1.4109318683082244,1.3099505958604816,1.6071353308511789
1.3283217766968622,-0.16355181877360142,0.35769145270439406,-1.4109321897256808,1.310210603359524,1.6073584443820494
1.3286117716300003,-0.16232061127909525,0.3566269964275821,-1.41093216558754,1.3104649734238505,1.607575691245825
1.328895230639066,-0.16111447936987577,0.3555830084897818,-1.410931817449617,1.3107137367024198,1.6077871587525228
1.3291721963154168,-0.15993341467190655,0.35455955616396634,-1.4109311663098074,1.3109569229922189,1.607992932341985
1.3294427101405124,-0.1587774090614711,0.35355670538366935,-1.4109302326163258,1.3111945612536404,1.6081930955906707
1.3297068125015774,-0.15764645466106975,0.3525745207405378,-1.4109290362756846,1.3114266796254086,1.608387730218247
1.3299645427067888,-0.1565405438353247,0.3516130654818541,-1.4109275966604211,1.3116533054390636,1.6085769160939782
1.3302159389999932,-0.1554596691868985,0.3506724015080301,-1.410925932616581,1.311874465233017,1.6087607312429224
1.3304610385749702,-0.15440382355243099,0.349752589370078,-1.4109240624709565,1.3120901847661823,1.6089392518519372
1.3306998775892473,-0.15337299999849963,0.348853688267065,-1.410922004038092,1.312300489031192,1.609112552275493
1.330932491177478,-0.1523671918176083,0.347975756043553,-1.4109197746270628,1.3125054022672091,1.6092807050413083
1.3311589134643937,-0.15138639252420924,0.3471188491870326,-1.4109173910480262,1.3127049479723403,1.6094437808557984
1.3313791775773338,-0.15043059585076185,0.3462830228253508,-1.4109148696185558,1.3128991489156587,1.6096018486093513
1.3315933156583672,-0.14949979574383454,0.3454683307241416,-1.4109122261697622,1.3130880271488437,1.6097549753814264
1.3318013588760116,-0.14859398636025178,0.34467482528426113,-1.410909476052203,1.3132716040174461,1.6099032264454827
1.3320033374365572,-0.1477131620632925,0.34390255753923266,-1.4109066341415897,1.3134499001717812,1.6100466652737413
1.3321992805950056,-0.1468573174189423,0.3431515771527055,-1.4109037148442929,1.3136229355774618,1.61018535354178
1.3323892166656282,-0.14602644719220478,0.3424219324159327,-1.4109007321026525,1.313790729525575,1.6103193511329699
1.3325731730321517,-0.14522054634347453,0.34171367024527044,-1.4108976994000966,1.3139533006425081,1.610448716142749
1.3327511761575812,-0.14443961002497638,0.34102683617970453,-1.4108946297660692,1.3141106668994271,1.610573504882744
1.3329232515936598,-0.14368363357727418,0.3403614743784066,-1.4108915357807765,1.3142628456214231,1.6106937718847358
1.33308942398998,-0.14295261252585256,0.3397176276183248,-1.4108884295797517,1.3144098534963182,1.6108095699044753
1.3332497171027464,-0.14224654257777458,0.3390953372918132,-1.4108853228582408,1.3145517065831471,1.6109209499253525
1.3334041538031964,-0.14156541961841973,0.338494643404301,-1.410882226875416,1.3146884203203137,1.6110279611619187
1.3335527560856886,-0.1409092397083037,0.337915584572009,-1.4108791524584166,1.3148200095334295,1.6111306510632666
1.3336955450754575,-0.14027799907998467,0.337358198019713,-1.4108761100062246,1.3149464884428366,1.6112290653162689
1.333832541036047,-0.13967169413505717,0.3368225195785606,-1.4108731094933706,1.3150678706708212,1.6113232478486794
1.33396376337642,-0.13909032144123806,0.3363085836839417,-1.410870160473482,1.3151841692485213,1.6114132408320982
1.3340892306577552,-0.13853387772954623,0.33581642337341877,-1.4108672720826672,1.3152953966225331,1.6114990846848007
1.3342089605999308,-0.13800235989157864,0.33534607028471786,-1.4108644530427468,1.3154015646612158,1.6115808180744389
1.3343229700877022,-0.13749576497688534,0.33489755465378357,-1.4108617116643267,1.3155026846607063,1.611658477920607
1.3344312751765766,-0.13701409019044636,0.334470905312902,-1.4108590558497187,1.3155987673506373,1.6117320993972848
1.3345338910983866,-0.13655733289025124,0.33406614968889253,-1.410856493095712,1.315689822899571,1.6118017159351496
1.3346308322665719,-0.136125490584985,0.3336833138013729,-1.410854030496195,1.315775860920147,1.6118673592237678
1.3347221122811626,-0.1357185609318215,0.33332242226109837,-1.4108516747446322,1.3158568904739445,1.6119290592136593
1.3348077439334798,-0.13533654173432635,0.33298349826837853,-1.4108494321363936,1.3159329200760679,1.6119868441182448
1.334887739210545,-0.13497943094047105,0.3326665636115731,-1.4108473085709425,1.3160039576994547,1.612040740415669
1.334962109299207,-0.13464722664076095,0.33237163866566977,-1.4108453095538815,1.3160700107789065,1.612090772850509
1.3350308645899918,-0.13433992706647702,0.33209874239094495,-1.41084344019886,1.3161310862148503,1.6121369644353618
1.3350940146806674,-0.1340575305880344,0.3318478923317103,-1.4108417052293396,1.3161871903768254,1.6121793364523191
1.3351515683795376,-0.1338000357134582,0.3316191046151459,-1.4108401089802243,1.3162383291067048,1.6122179084543256
1.33520353370846,-0.1335674410869782,0.3314123939502222,-1.4108386553993553,1.3162845077216465,1.612252698266421
1.3352499179055914,-0.13335974548774396,0.33122777362671263,-1.4108373480488683,1.3163257310167829,1.612283721986875
1.3352907225811024,-0.13317696956491332,0.33106527485125714,-1.4108361902471056,1.3163619989583681,1.612310990758739
1.3353259595959628,-0.133019078198883,0.3309248747112789,-1.410835183831819,1.3163933211407621,1.6123345190212113
1.3353556317017532,-0.13288607538764238,0.33080658432367355,-1.4108343306950417,1.3164196991454908,1.612354314544388
1.3353797449782232,-0.13277795671825615,0.33071041029128634,-1.4108336334195055,1.3164411371760476,1.612370389639274
1.3353983055051286,-0.13269471777778988,0.33063635921696444,-1.4108330945879506,1.3164576394359335,1.6123827566168838
1.3354113193622261,-0.132636354153309,0.33058443770355506,-1.410832716783117,1.3164692101286493,1.6123914277882319
1.335418792629272,-0.13260286143187902,0.3305546523539053,-1.4108325025877442,1.3164758534576955,1.6123964154643324
1.3354207313860225,-0.13259423520056546,0.3305470097708624,-1.4108324545845727,1.3164775736265735,1.6123977319562
